--
-- PostgreSQL database dump
--

-- Dumped from database version 16.8 (Debian 16.8-1.pgdg120+1)
-- Dumped by pg_dump version 17.2

-- Started on 2025-04-24 10:41:06

SET statement_timeout = 0;
SET lock_timeout = 0;
SET idle_in_transaction_session_timeout = 0;
SET transaction_timeout = 0;
SET client_encoding = 'UTF8';
SET standard_conforming_strings = on;
SELECT pg_catalog.set_config('search_path', '', false);
SET check_function_bodies = false;
SET xmloption = content;
SET client_min_messages = warning;
SET row_security = off;

--
-- TOC entry 5 (class 2615 OID 2200)
-- Name: public; Type: SCHEMA; Schema: -; Owner: myuser
--

-- *not* creating schema, since initdb creates it


ALTER SCHEMA public OWNER TO myuser;

SET default_tablespace = '';

SET default_table_access_method = heap;

--
-- TOC entry 216 (class 1259 OID 16399)
-- Name: concerts; Type: TABLE; Schema: public; Owner: myuser
--

CREATE TABLE public.concerts (
    id bigint NOT NULL,
    date character varying(255),
    description character varying(255),
    heure character varying(255),
    image character varying(255),
    lien character varying(255),
    nom character varying(255),
    origine character varying(255),
    scene character varying(255)
);


ALTER TABLE public.concerts OWNER TO myuser;

--
-- TOC entry 215 (class 1259 OID 16398)
-- Name: concerts_id_seq; Type: SEQUENCE; Schema: public; Owner: myuser
--

ALTER TABLE public.concerts ALTER COLUMN id ADD GENERATED BY DEFAULT AS IDENTITY (
    SEQUENCE NAME public.concerts_id_seq
    START WITH 1
    INCREMENT BY 1
    NO MINVALUE
    NO MAXVALUE
    CACHE 1
);


--
-- TOC entry 218 (class 1259 OID 16407)
-- Name: infos; Type: TABLE; Schema: public; Owner: myuser
--

CREATE TABLE public.infos (
    id bigint NOT NULL,
    important boolean NOT NULL,
    message character varying(255)
);


ALTER TABLE public.infos OWNER TO myuser;

--
-- TOC entry 217 (class 1259 OID 16406)
-- Name: infos_id_seq; Type: SEQUENCE; Schema: public; Owner: myuser
--

ALTER TABLE public.infos ALTER COLUMN id ADD GENERATED BY DEFAULT AS IDENTITY (
    SEQUENCE NAME public.infos_id_seq
    START WITH 1
    INCREMENT BY 1
    NO MINVALUE
    NO MAXVALUE
    CACHE 1
);


--
-- TOC entry 220 (class 1259 OID 16413)
-- Name: pointeurs; Type: TABLE; Schema: public; Owner: myuser
--

CREATE TABLE public.pointeurs (
    id bigint NOT NULL,
    description character varying(255),
    lat real NOT NULL,
    lien character varying(255),
    lon real NOT NULL,
    nom character varying(255) NOT NULL,
    type character varying(255)
);


ALTER TABLE public.pointeurs OWNER TO myuser;

--
-- TOC entry 219 (class 1259 OID 16412)
-- Name: pointeurs_id_seq; Type: SEQUENCE; Schema: public; Owner: myuser
--

ALTER TABLE public.pointeurs ALTER COLUMN id ADD GENERATED BY DEFAULT AS IDENTITY (
    SEQUENCE NAME public.pointeurs_id_seq
    START WITH 1
    INCREMENT BY 1
    NO MINVALUE
    NO MAXVALUE
    CACHE 1
);


--
-- TOC entry 222 (class 1259 OID 16421)
-- Name: roles; Type: TABLE; Schema: public; Owner: myuser
--

CREATE TABLE public.roles (
    id integer NOT NULL,
    name character varying(20),
    CONSTRAINT roles_name_check CHECK (((name)::text = ANY ((ARRAY['ROLE_VIEWER'::character varying, 'ROLE_EDITOR'::character varying, 'ROLE_ADMIN'::character varying, 'ROLE_NONE'::character varying])::text[])))
);


ALTER TABLE public.roles OWNER TO myuser;

--
-- TOC entry 221 (class 1259 OID 16420)
-- Name: roles_id_seq; Type: SEQUENCE; Schema: public; Owner: myuser
--

ALTER TABLE public.roles ALTER COLUMN id ADD GENERATED BY DEFAULT AS IDENTITY (
    SEQUENCE NAME public.roles_id_seq
    START WITH 1
    INCREMENT BY 1
    NO MINVALUE
    NO MAXVALUE
    CACHE 1
);


--
-- TOC entry 223 (class 1259 OID 16427)
-- Name: user_roles; Type: TABLE; Schema: public; Owner: myuser
--

CREATE TABLE public.user_roles (
    user_id bigint NOT NULL,
    role_id integer NOT NULL
);


ALTER TABLE public.user_roles OWNER TO myuser;

--
-- TOC entry 225 (class 1259 OID 16433)
-- Name: users; Type: TABLE; Schema: public; Owner: myuser
--

CREATE TABLE public.users (
    id bigint NOT NULL,
    email character varying(50) NOT NULL,
    password character varying(255) NOT NULL,
    username character varying(20) NOT NULL
);


ALTER TABLE public.users OWNER TO myuser;

--
-- TOC entry 224 (class 1259 OID 16432)
-- Name: users_id_seq; Type: SEQUENCE; Schema: public; Owner: myuser
--

ALTER TABLE public.users ALTER COLUMN id ADD GENERATED BY DEFAULT AS IDENTITY (
    SEQUENCE NAME public.users_id_seq
    START WITH 1
    INCREMENT BY 1
    NO MINVALUE
    NO MAXVALUE
    CACHE 1
);


--
-- TOC entry 3394 (class 0 OID 16399)
-- Dependencies: 216
-- Data for Name: concerts; Type: TABLE DATA; Schema: public; Owner: myuser
--

COPY public.concerts (id, date, description, heure, image, lien, nom, origine, scene) FROM stdin;
1	16 Juin	Ce projet musical suisse puise son énergie dans les arpèges violents et dissonants du Black Metal et des sons froids de la musique industrielle.	20:00	https://www.verdammnis.com/img/uploads/2024/08/versatile.jpeg	https://www.versatilemetalband.com/	Versatile	Europe	nord
3	15 Juin	NAPALM DEATH est un groupe de metal extrême dont le nom est synonyme de musique lourde poussée à son paroxysme.	21:00	https://www.metalzone.fr/wp-content/uploads/2023/09/NAPALMDEATH_MOTOC23-19-768x512.jpg	https://napalmdeath.org/	Napalm death	Europe	principale
4	16 Juin	Babymetal, stylisé BABYMETAL, est un groupe de J-pop et heavy metal japonais, originaire de Tokyo. Formé en 2010, il est composé de trois jeunes idoles japonaises et produit par agence de talent Amuse, Inc.	18:00	https://www.metalzone.fr/wp-content/uploads/2019/07/Babymetal.jpg	https://babymetal.com/mob/index.php?site=TO&ima=2604	Babymetal	Asie	sud
9	14 juin	Arka n Asrafokor, un groupe de métal africain, est reconnu comme un précurseur dans la scène musicale du continent.	18:00	https://www.prime-tours.com/site/assets/files/4779/72152315_3507262379291527_923094037911568384_n.-hero.jpg	https://www.facebook.com/arkanasrafokor/?locale=fr_FR	Arka’n Asrafokor	Afrique	ouest
10	14 juin	De riffs destructeurs en tensions qui éclatent orages de distorsions, Great Falls portent somme toute très bien leur nom.	20:00	https://www.brooklynvegan.com/wp-content/uploads/2023/02/20/attachment-great-falls.jpeg	https://www.facebook.com/GreatFallsNoise/	Great Falls	Amerique	principale
13	15 juin	test 2	21:00	https://i.ebayimg.com/images/g/iF0AAOSw6x9i5MMT/s-l1200.png	\N	luc	Australie	sud
\.


--
-- TOC entry 3396 (class 0 OID 16407)
-- Dependencies: 218
-- Data for Name: infos; Type: TABLE DATA; Schema: public; Owner: myuser
--

COPY public.infos (id, important, message) FROM stdin;
2	f	Vente de goodies le 13 juin à partir de 14h au point information
3	f	METEO: demain 14 juin ensoleillé 28C avec légère brise
4	t	ACCES SCENE NORD: bloqué pour 15 min suite à un malaise
13	f	Rencontre avec Arka’n Asrafokor le  13 juin de 16 à 18h scène Sud 
14	f	Rencontre avec BABYMETAL le  14 juin de 16 à 18h scène Est 
\.


--
-- TOC entry 3398 (class 0 OID 16413)
-- Dependencies: 220
-- Data for Name: pointeurs; Type: TABLE DATA; Schema: public; Owner: myuser
--

COPY public.pointeurs (id, description, lat, lien, lon, nom, type) FROM stdin;
1	point de rencontre, infos et poste de secours	48.8384	https://www.ratp.fr/	2.4433	Acceuil et urgences médicales	informations
2	ouvert tous les jours de 18h à minuit	48.8392	https://www.instagram.com/dim.sum.foodtruck/	2.4418	Dimsum	alimentation
3	ouvert tous les jours de 18h à minuit	48.8383	https://letapastruck.fr/	2.4412	Tapastruck	alimentation
4	toilettes publiques	48.8398		2.4407	Toilettes 2	toilettes
6		48.8394		2.4426	Scene nord	scene
7		48.8398		2.4391	Scene ouest	scene
8		48.8371		2.4465	Scene est	scene
9		48.8345		2.4462	Scene sud	scene
10	Scène disposant d\\`un écran géant	48.8372		2.4417	Scene principale	scene
17	boutique du festival	48.8383		2.4451	boutique	informations
18	toilettes publiques	48.8372		2.4433	toilettes 1	toilettes
\.


--
-- TOC entry 3400 (class 0 OID 16421)
-- Dependencies: 222
-- Data for Name: roles; Type: TABLE DATA; Schema: public; Owner: myuser
--

COPY public.roles (id, name) FROM stdin;
1	ROLE_VIEWER
2	ROLE_EDITOR
3	ROLE_ADMIN
4	ROLE_NONE
\.


--
-- TOC entry 3401 (class 0 OID 16427)
-- Dependencies: 223
-- Data for Name: user_roles; Type: TABLE DATA; Schema: public; Owner: myuser
--

COPY public.user_roles (user_id, role_id) FROM stdin;
1	1
1	2
1	3
2	1
3	1
3	2
4	3
9	2
10	1
10	2
10	3
12	4
14	4
6	4
6	2
6	3
\.


--
-- TOC entry 3403 (class 0 OID 16433)
-- Dependencies: 225
-- Data for Name: users; Type: TABLE DATA; Schema: public; Owner: myuser
--

COPY public.users (id, email, password, username) FROM stdin;
1	admin@i.admin	$2a$10$MroydkUowBNweH9MwtUau..rFXyvClXi7SXVew43w9hpZ4LQfxGYm	superadmin
2	viewer@i.ti	$2a$10$dLZF7Il.cCQdlIbp.mN9o.Y.nkG2RzpUXNCmS8GRR7LpLu2Jnv836	viewer
3	editor@i.ti	$2a$10$4Jf1RK9JioiGTaY0A41UqeaB1hRuolISJgdCerFhMmXNseBN2/oA6	editor
4	admin@i.ti	$2a$10$MroydkUowBNweH9MwtUau..rFXyvClXi7SXVew43w9hpZ4LQfxGYm	admin
9	hy@i.tiii	$2a$10$IXcCBU/sAopsUS1s1wCCHOPn8ElHhWZLtAvU/u6FXZNRwZCQc3iDG	tes
10	hy@i.tii	$2a$10$iykJ9V3uFWh7lO4ooO0e8.Jdsym7ZA6wajoy.2x6gkDhxaPDvFal6	admin2
12	hyt@i.tiii	$2a$10$IXcCBU/sAopsUS1s1wCCHOPn8ElHhWZLtAvU/u6FXZNRwZCQc3iDG	test
14	webuser@dflt.dflt	$2a$10$q9Gp/vznMcbWihqQ8IvWyOw1deGuopzuA2gZYhlzd.hZnf7/PxSNC	webuser
6	string@s.com	$2a$10$UabUeejVTD0STaw0Ldgn.OeLIAruH4BmRvGrDE05GS1yBcqDGcdcC	string
\.


--
-- TOC entry 3409 (class 0 OID 0)
-- Dependencies: 215
-- Name: concerts_id_seq; Type: SEQUENCE SET; Schema: public; Owner: myuser
--

SELECT pg_catalog.setval('public.concerts_id_seq', 1, false);


--
-- TOC entry 3410 (class 0 OID 0)
-- Dependencies: 217
-- Name: infos_id_seq; Type: SEQUENCE SET; Schema: public; Owner: myuser
--

SELECT pg_catalog.setval('public.infos_id_seq', 1, false);


--
-- TOC entry 3411 (class 0 OID 0)
-- Dependencies: 219
-- Name: pointeurs_id_seq; Type: SEQUENCE SET; Schema: public; Owner: myuser
--

SELECT pg_catalog.setval('public.pointeurs_id_seq', 1, false);


--
-- TOC entry 3412 (class 0 OID 0)
-- Dependencies: 221
-- Name: roles_id_seq; Type: SEQUENCE SET; Schema: public; Owner: myuser
--

SELECT pg_catalog.setval('public.roles_id_seq', 1, false);


--
-- TOC entry 3413 (class 0 OID 0)
-- Dependencies: 224
-- Name: users_id_seq; Type: SEQUENCE SET; Schema: public; Owner: myuser
--

SELECT pg_catalog.setval('public.users_id_seq', 6, true);


--
-- TOC entry 3233 (class 2606 OID 16405)
-- Name: concerts concerts_pkey; Type: CONSTRAINT; Schema: public; Owner: myuser
--

ALTER TABLE ONLY public.concerts
    ADD CONSTRAINT concerts_pkey PRIMARY KEY (id);


--
-- TOC entry 3235 (class 2606 OID 16411)
-- Name: infos infos_pkey; Type: CONSTRAINT; Schema: public; Owner: myuser
--

ALTER TABLE ONLY public.infos
    ADD CONSTRAINT infos_pkey PRIMARY KEY (id);


--
-- TOC entry 3237 (class 2606 OID 16419)
-- Name: pointeurs pointeurs_pkey; Type: CONSTRAINT; Schema: public; Owner: myuser
--

ALTER TABLE ONLY public.pointeurs
    ADD CONSTRAINT pointeurs_pkey PRIMARY KEY (id);


--
-- TOC entry 3239 (class 2606 OID 16426)
-- Name: roles roles_pkey; Type: CONSTRAINT; Schema: public; Owner: myuser
--

ALTER TABLE ONLY public.roles
    ADD CONSTRAINT roles_pkey PRIMARY KEY (id);


--
-- TOC entry 3243 (class 2606 OID 16441)
-- Name: users uk6dotkott2kjsp8vw4d0m25fb7; Type: CONSTRAINT; Schema: public; Owner: myuser
--

ALTER TABLE ONLY public.users
    ADD CONSTRAINT uk6dotkott2kjsp8vw4d0m25fb7 UNIQUE (email);


--
-- TOC entry 3245 (class 2606 OID 16439)
-- Name: users ukr43af9ap4edm43mmtq01oddj6; Type: CONSTRAINT; Schema: public; Owner: myuser
--

ALTER TABLE ONLY public.users
    ADD CONSTRAINT ukr43af9ap4edm43mmtq01oddj6 UNIQUE (username);


--
-- TOC entry 3241 (class 2606 OID 16431)
-- Name: user_roles user_roles_pkey; Type: CONSTRAINT; Schema: public; Owner: myuser
--

ALTER TABLE ONLY public.user_roles
    ADD CONSTRAINT user_roles_pkey PRIMARY KEY (user_id, role_id);


--
-- TOC entry 3247 (class 2606 OID 16437)
-- Name: users users_pkey; Type: CONSTRAINT; Schema: public; Owner: myuser
--

ALTER TABLE ONLY public.users
    ADD CONSTRAINT users_pkey PRIMARY KEY (id);


--
-- TOC entry 3248 (class 2606 OID 16442)
-- Name: user_roles fkh8ciramu9cc9q3qcqiv4ue8a6; Type: FK CONSTRAINT; Schema: public; Owner: myuser
--

ALTER TABLE ONLY public.user_roles
    ADD CONSTRAINT fkh8ciramu9cc9q3qcqiv4ue8a6 FOREIGN KEY (role_id) REFERENCES public.roles(id);


--
-- TOC entry 3249 (class 2606 OID 16447)
-- Name: user_roles fkhfh9dx7w3ubf1co1vdev94g3f; Type: FK CONSTRAINT; Schema: public; Owner: myuser
--

ALTER TABLE ONLY public.user_roles
    ADD CONSTRAINT fkhfh9dx7w3ubf1co1vdev94g3f FOREIGN KEY (user_id) REFERENCES public.users(id);


--
-- TOC entry 2063 (class 826 OID 16391)
-- Name: DEFAULT PRIVILEGES FOR SEQUENCES; Type: DEFAULT ACL; Schema: -; Owner: postgres
--

ALTER DEFAULT PRIVILEGES FOR ROLE postgres GRANT ALL ON SEQUENCES TO myuser;


--
-- TOC entry 2065 (class 826 OID 16393)
-- Name: DEFAULT PRIVILEGES FOR TYPES; Type: DEFAULT ACL; Schema: -; Owner: postgres
--

ALTER DEFAULT PRIVILEGES FOR ROLE postgres GRANT ALL ON TYPES TO myuser;


--
-- TOC entry 2064 (class 826 OID 16392)
-- Name: DEFAULT PRIVILEGES FOR FUNCTIONS; Type: DEFAULT ACL; Schema: -; Owner: postgres
--

ALTER DEFAULT PRIVILEGES FOR ROLE postgres GRANT ALL ON FUNCTIONS TO myuser;


--
-- TOC entry 2062 (class 826 OID 16390)
-- Name: DEFAULT PRIVILEGES FOR TABLES; Type: DEFAULT ACL; Schema: -; Owner: postgres
--

ALTER DEFAULT PRIVILEGES FOR ROLE postgres GRANT SELECT,INSERT,REFERENCES,DELETE,TRIGGER,TRUNCATE,UPDATE ON TABLES TO myuser;


-- Completed on 2025-04-24 10:41:22

--
-- PostgreSQL database dump complete
--

